Image,target
508.jpg,kuchipudi
246.jpg,sattriya
473.jpg,mohiniyattam
485.jpg,odissi
128.jpg,kathakali
410.jpg,kuchipudi
465.jpg,kuchipudi
196.jpg,sattriya
340.jpg,kuchipudi
467.jpg,odissi
306.jpg,mohiniyattam
171.jpg,bharatanatyam
323.jpg,sattriya
332.jpg,sattriya
330.jpg,sattriya
170.jpg,bharatanatyam
479.jpg,odissi
9.jpg,bharatanatyam
283.jpg,mohiniyattam
114.jpg,odissi
507.jpg,odissi
183.jpg,kathakali
200.jpg,kathakali
457.jpg,mohiniyattam
264.jpg,mohiniyattam
194.jpg,kathakali
518.jpg,mohiniyattam
175.jpg,bharatanatyam
64.jpg,odissi
152.jpg,bharatanatyam
270.jpg,kathakali
125.jpg,odissi
38.jpg,manipuri
440.jpg,odissi
302.jpg,mohiniyattam
394.jpg,kuchipudi
448.jpg,odissi
463.jpg,odissi
20.jpg,manipuri
301.jpg,bharatanatyam
28.jpg,kathak
61.jpg,sattriya
398.jpg,odissi
349.jpg,mohiniyattam
271.jpg,mohiniyattam
286.jpg,mohiniyattam
431.jpg,sattriya
316.jpg,sattriya
224.jpg,sattriya
411.jpg,kuchipudi
278.jpg,mohiniyattam
456.jpg,mohiniyattam
45.jpg,kathak
324.jpg,kuchipudi
6.jpg,odissi
59.jpg,odissi
86.jpg,odissi
470.jpg,odissi
374.jpg,sattriya
132.jpg,sattriya
216.jpg,kathakali
95.jpg,sattriya
17.jpg,kathak
162.jpg,odissi
346.jpg,kuchipudi
439.jpg,kuchipudi
232.jpg,kathakali
150.jpg,kathakali
401.jpg,odissi
145.jpg,bharatanatyam
23.jpg,kathak
514.jpg,kuchipudi
193.jpg,odissi
416.jpg,mohiniyattam
447.jpg,kathak
220.jpg,kathakali
505.jpg,mohiniyattam
147.jpg,sattriya
210.jpg,kathakali
40.jpg,bharatanatyam
284.jpg,mohiniyattam
55.jpg,kuchipudi
378.jpg,mohiniyattam
520.jpg,kuchipudi
484.jpg,kuchipudi
112.jpg,kuchipudi
360.jpg,kathak
317.jpg,kathakali
71.jpg,manipuri
202.jpg,mohiniyattam
92.jpg,mohiniyattam
11.jpg,kathak
67.jpg,kathak
138.jpg,kuchipudi
506.jpg,kathakali
146.jpg,kathak
318.jpg,kuchipudi
198.jpg,mohiniyattam
375.jpg,sattriya
41.jpg,kuchipudi
421.jpg,kuchipudi
129.jpg,mohiniyattam
14.jpg,kathak
460.jpg,odissi
34.jpg,bharatanatyam
380.jpg,kuchipudi
238.jpg,odissi
392.jpg,kuchipudi
80.jpg,mohiniyattam
517.jpg,odissi
13.jpg,kuchipudi
189.jpg,kathakali
390.jpg,kuchipudi
487.jpg,odissi
438.jpg,kuchipudi
482.jpg,odissi
206.jpg,kathakali
217.jpg,kathakali
285.jpg,mohiniyattam
385.jpg,kuchipudi
495.jpg,odissi
269.jpg,mohiniyattam
429.jpg,sattriya
291.jpg,mohiniyattam
461.jpg,odissi
256.jpg,mohiniyattam
48.jpg,sattriya
290.jpg,sattriya
437.jpg,kuchipudi
498.jpg,odissi
173.jpg,bharatanatyam
280.jpg,kathakali
119.jpg,bharatanatyam
363.jpg,kathakali
97.jpg,kathak
414.jpg,mohiniyattam
386.jpg,kuchipudi
424.jpg,mohiniyattam
157.jpg,odissi
33.jpg,kathak
354.jpg,sattriya
57.jpg,kathak
108.jpg,kuchipudi
239.jpg,odissi
441.jpg,kathak
215.jpg,mohiniyattam
373.jpg,kathak
292.jpg,sattriya
110.jpg,manipuri
510.jpg,mohiniyattam
275.jpg,sattriya
366.jpg,sattriya
226.jpg,kathakali
35.jpg,kathak
458.jpg,odissi
358.jpg,sattriya
